{
    "useprotocol": "mqtt",
    "cse": {
        "cbhost": "192.168.0.12",
        "cbport": "7579",
        "cbname": "mobius-yt",
        "cbcseid": "/mobius-yt",
        "mqttport": "1883"
    },
    "ae": {
        "aeid": "ae_edu1",
        "appid": "0.2.481.1.1",
        "appname": "ae-edu1",
        "appport": "9727",
        "bodytype": "json",
        "tasport": "3105"
    },
    "cnt": [
        {
            "parentpath": "/ae-edu1",
            "ctname": "cnt-co2"
        },
        {
            "parentpath": "/ae-edu1",
            "ctname": "cnt-led"
        },
        {
            "parentpath": "/ae-edu1",
            "ctname": "cnt-led"
        },
        {
            "parentpath": "/keti01",
            "ctname": "cnt_2"
        }
    ],
    "sub": [
        {
            "parentpath": "/ae-edu1/cnt-led",
            "subname": "sub-ctrl",
            "nu": "mqtt://203.253.128.151/ae-edu1"
        }
    ]
}