{
    "useprotocol": "mqtt",
    "cse": {
        "cbhost": "192.168.0.12",
        "cbport": "7579",
        "cbname": "mobius-yt",
        "cbcseid": "/mobius-yt"
    },
    "ae": {
        "aeid": "SSkLPsg89",
        "appid": "0.2.481.1.1",
        "appname": "keti01",
        "appport": "9727",
        "bodytype": "json",
        "tasport": "3105"
    },
    "cnt": [
        {
            "parentpath": "/keti01",
            "ctname": "homepot01"
        },
        {
            "parentpath": "/keti01",
            "ctname": "homepot01_ctrl"
        },
        {
            "parentpath": "/keti01",
            "ctname": "cnt_2"
        }
    ],
    "sub": [
        {
            "parentpath": "/keti01/cnt_2",
            "subname": "sub_4",
            "nu": "mqtt://localhost/SSkLPsg89"
        },
        {
            "parentpath": "/keti01/homepot01_ctrl",
            "subname": "sub_1",
            "nu": "mqtt://localhost/SSkLPsg89"
        }
    ]
}